行政區,年份,單價中位數,交易筆數,來源,蛋黃區
中山區,2015.0,704896.0278,815,台北市,True
中山區,2016.0,658498.8551,1802,台北市,True
中山區,2017.0,655306.6805,2286,台北市,True
中山區,2018.0,621251.24725,2346,台北市,True
中山區,2019.0,630418.3073499999,2822,台北市,True
中山區,2020.0,672485.8245,3439,台北市,True
中山區,2021.0,684078.11295,3078,台北市,True
中山區,2022.0,702724.4297,2501,台北市,True
中山區,2023.0,723366.5479,2457,台北市,True
中山區,2024.0,789743.4599,2509,台北市,True
中山區,2025.0,801808.50965,1208,台北市,True
中正區,2015.0,731955.50205,322,台北市,True
中正區,2016.0,742823.39205,796,台北市,True
中正區,2017.0,784756.1125,963,台北市,True
中正區,2018.0,723858.1138,927,台北市,True
中正區,2019.0,757588.03215,1290,台北市,True
中正區,2020.0,718487.9163,1477,台北市,True
中正區,2021.0,765249.8735,1163,台北市,True
中正區,2022.0,817469.8526999999,756,台北市,True
中正區,2023.0,838905.2702,903,台北市,True
中正區,2024.0,872622.558,967,台北市,True
中正區,2025.0,906175.20525,480,台北市,True
信義區,2015.0,699832.7112,311,台北市,True
信義區,2016.0,667886.74995,938,台北市,True
信義區,2017.0,651723.1552,1045,台北市,True
信義區,2018.0,644587.38785,1082,台北市,True
信義區,2019.0,668848.19775,1350,台北市,True
信義區,2020.0,699525.8686,1653,台北市,True
信義區,2021.0,728935.0197000001,1584,台北市,True
信義區,2022.0,787660.24265,1258,台北市,True
信義區,2023.0,793223.6041,1294,台北市,True
信義區,2024.0,811340.7105,1336,台北市,True
信義區,2025.0,829852.3916,645,台北市,True
內湖區,2015.0,590632.3318,681,台北市,True
內湖區,2016.0,535732.5749,1711,台北市,True
內湖區,2017.0,532455.06425,1842,台北市,True
內湖區,2018.0,496984.85915000003,2162,台北市,True
內湖區,2019.0,509155.75945,2794,台北市,True
內湖區,2020.0,542742.6491,3036,台北市,True
內湖區,2021.0,561023.0481,2468,台北市,True
內湖區,2022.0,596066.5568,1779,台北市,True
內湖區,2023.0,607900.1995,1835,台北市,True
內湖區,2024.0,649245.2983,1774,台北市,True
內湖區,2025.0,660957.6409,999,台北市,True
北投區,2015.0,493678.09695000004,808,台北市,False
北投區,2016.0,469278.0995,1470,台北市,False
北投區,2017.0,425747.4185,1887,台北市,False
北投區,2018.0,448592.4314,1785,台北市,False
北投區,2019.0,482638.3533,2181,台北市,False
北投區,2020.0,469582.2755,2043,台北市,False
北投區,2021.0,485348.377,1744,台北市,False
北投區,2022.0,513263.1565,1509,台北市,False
北投區,2023.0,530710.0362,1557,台北市,False
北投區,2024.0,552424.3941500001,1482,台北市,False
北投區,2025.0,565855.4554999999,804,台北市,False
南港區,2015.0,562827.7126,186,台北市,True
南港區,2016.0,577686.23265,574,台北市,True
南港區,2017.0,542799.0057,579,台北市,True
南港區,2018.0,528249.4605,773,台北市,True
南港區,2019.0,539688.7124,850,台北市,True
南港區,2020.0,545376.9918,1081,台北市,True
南港區,2021.0,649903.9822,1483,台北市,True
南港區,2022.0,663135.7363,805,台北市,True
南港區,2023.0,667350.1472,733,台北市,True
南港區,2024.0,711292.5025,679,台北市,True
南港區,2025.0,704507.6136,349,台北市,True
士林區,2015.0,586155.0146999999,400,台北市,True
士林區,2016.0,550091.027,1029,台北市,True
士林區,2017.0,544571.6519,1099,台北市,True
士林區,2018.0,540873.2681,1315,台北市,True
士林區,2019.0,527992.4239,1289,台北市,True
士林區,2020.0,600946.34195,1842,台北市,True
士林區,2021.0,579068.0200499999,1628,台北市,True
士林區,2022.0,615454.7736500001,1278,台北市,True
士林區,2023.0,613696.2949,1269,台北市,True
士林區,2024.0,661437.26315,1258,台北市,True
士林區,2025.0,667571.3488,636,台北市,True
大同區,2015.0,565246.0547499999,216,台北市,True
大同區,2016.0,557049.85535,546,台北市,True
大同區,2017.0,553555.6289,636,台北市,True
大同區,2018.0,561831.7228999999,878,台北市,True
大同區,2019.0,558694.7542,1128,台北市,True
大同區,2020.0,610051.7457999999,1252,台北市,True
大同區,2021.0,612659.6407999999,888,台北市,True
大同區,2022.0,623778.3092,741,台北市,True
大同區,2023.0,665492.59995,854,台北市,True
大同區,2024.0,750910.8682,889,台北市,True
大同區,2025.0,740718.9549,395,台北市,True
大安區,2015.0,861219.39365,528,台北市,True
大安區,2016.0,849386.9211,1175,台北市,True
大安區,2017.0,818009.9673,1405,台北市,True
大安區,2018.0,824987.9689,1537,台北市,True
大安區,2019.0,824574.82555,1752,台北市,True
大安區,2020.0,866510.914,2059,台北市,True
大安區,2021.0,912214.3439,2040,台北市,True
大安區,2022.0,971417.0552999999,1516,台北市,True
大安區,2023.0,965759.2015,1705,台北市,True
大安區,2024.0,1018438.8075,1754,台北市,True
大安區,2025.0,1038776.4180000001,1048,台北市,True
文山區,2015.0,494270.33555,474,台北市,False
文山區,2016.0,481892.8752,1473,台北市,False
文山區,2017.0,473135.6296,1664,台北市,False
文山區,2018.0,452891.5915,1707,台北市,False
文山區,2019.0,449649.09585000004,1882,台北市,False
文山區,2020.0,470637.5058,2315,台北市,False
文山區,2021.0,509958.31315,2432,台北市,False
文山區,2022.0,516794.5478,1387,台北市,False
文山區,2023.0,518996.18745,1370,台北市,False
文山區,2024.0,568314.8171999999,1450,台北市,False
文山區,2025.0,569962.9524,729,台北市,False
松山區,2015.0,693588.7196,345,台北市,True
松山區,2016.0,683821.0749,940,台北市,True
松山區,2017.0,676088.1775,1039,台北市,True
松山區,2018.0,678745.1322999999,1108,台北市,True
松山區,2019.0,689788.9257499999,1266,台北市,True
松山區,2020.0,716120.1954000001,1416,台北市,True
松山區,2021.0,768853.1340999999,1292,台北市,True
松山區,2022.0,802495.48245,1088,台北市,True
松山區,2023.0,817133.59395,1214,台北市,True
松山區,2024.0,869652.8429,1211,台北市,True
松山區,2025.0,873245.8053,646,台北市,True
萬華區,2015.0,485602.3554,354,台北市,False
萬華區,2016.0,630700.6551,1377,台北市,False
萬華區,2017.0,478462.4755,1149,台北市,False
萬華區,2018.0,493357.81785,1522,台北市,False
萬華區,2019.0,473448.5856,1389,台北市,False
萬華區,2020.0,493374.82810000004,1408,台北市,False
萬華區,2021.0,537906.7806500001,1338,台北市,False
萬華區,2022.0,549699.2355,1246,台北市,False
萬華區,2023.0,564643.1563,1211,台北市,False
萬華區,2024.0,610999.1833,1195,台北市,False
萬華區,2025.0,610220.1883,556,台北市,False
三峽區,2015.0,238313.54285692784,457,新北市,False
三峽區,2016.0,255479.3742657066,1078,新北市,False
三峽區,2017.0,214244.0132188556,1503,新北市,False
三峽區,2018.0,228363.97915017133,1286,新北市,False
三峽區,2019.0,241548.44499016565,1324,新北市,False
三峽區,2020.0,235101.92297019294,1622,新北市,False
三峽區,2021.0,276172.52497635275,1297,新北市,False
三峽區,2022.0,305731.96794664394,824,新北市,False
三峽區,2023.0,330880.743830943,926,新北市,False
三峽區,2024.0,364635.67664107616,1146,新北市,False
三峽區,2025.0,364244.0919526721,362,新北市,False
三芝區,2015.0,93405.28626739673,76,新北市,False
三芝區,2016.0,97228.97423432184,289,新北市,False
三芝區,2017.0,98647.43407063156,317,新北市,False
三芝區,2018.0,97111.7955971006,327,新北市,False
三芝區,2019.0,92708.59786823796,256,新北市,False
三芝區,2020.0,98821.9870850546,334,新北市,False
三芝區,2021.0,107139.113928473,332,新北市,False
三芝區,2022.0,116203.35587277736,333,新北市,False
三芝區,2023.0,128567.23865695448,315,新北市,False
三芝區,2024.0,139015.314145612,308,新北市,False
三芝區,2025.0,137712.6825585645,190,新北市,False
三重區,2015.0,424895.82768512034,826,新北市,False
三重區,2016.0,399651.6369897573,1991,新北市,False
三重區,2017.0,385150.7792510934,2646,新北市,False
三重區,2018.0,357406.5930879181,2842,新北市,False
三重區,2019.0,366976.9889816218,4210,新北市,False
三重區,2020.0,365653.98703838116,5408,新北市,False
三重區,2021.0,389774.6007262061,5170,新北市,False
三重區,2022.0,437035.9994396974,3367,新北市,False
三重區,2023.0,467081.0866504104,3931,新北市,False
三重區,2024.0,508112.923927481,3357,新北市,False
三重區,2025.0,507829.0513079964,1438,新北市,False
中和區,2015.0,415684.7213894269,968,新北市,False
中和區,2016.0,385538.9137511459,2699,新北市,False
中和區,2017.0,376666.8199323473,3672,新北市,False
中和區,2018.0,376883.93906718784,3898,新北市,False
中和區,2019.0,378036.2585681967,4318,新北市,False
中和區,2020.0,384102.20071028615,4858,新北市,False
中和區,2021.0,402621.3288648966,5131,新北市,False
中和區,2022.0,448502.8576622853,3616,新北市,False
中和區,2023.0,459637.71023160196,3442,新北市,False
中和區,2024.0,504393.1803189412,3481,新北市,False
中和區,2025.0,519589.837771656,1653,新北市,False
五股區,2015.0,340223.68881754094,654,新北市,False
五股區,2016.0,267936.4524631223,923,新北市,False
五股區,2017.0,250045.95942339086,1224,新北市,False
五股區,2018.0,220824.10305598634,1482,新北市,False
五股區,2019.0,220631.47078768525,1822,新北市,False
五股區,2020.0,236776.68012785944,2033,新北市,False
五股區,2021.0,267839.33754226886,1619,新北市,False
五股區,2022.0,299968.4519246592,1452,新北市,False
五股區,2023.0,326441.3220306804,1461,新北市,False
五股區,2024.0,366154.57238052116,1202,新北市,False
五股區,2025.0,341977.7714448561,487,新北市,False
八里區,2015.0,245371.17027901116,101,新北市,False
八里區,2016.0,206473.92096728904,273,新北市,False
八里區,2017.0,178629.0743123156,388,新北市,False
八里區,2018.0,169458.33929107265,450,新北市,False
八里區,2019.0,163893.5995404963,546,新北市,False
八里區,2020.0,166839.39231468082,995,新北市,False
八里區,2021.0,176307.05878946622,1202,新北市,False
八里區,2022.0,218800.90204250388,849,新北市,False
八里區,2023.0,245223.88174078305,901,新北市,False
八里區,2024.0,262330.6314754391,566,新北市,False
八里區,2025.0,264580.99838363845,235,新北市,False
土城區,2015.0,336553.5583246627,774,新北市,False
土城區,2016.0,324886.5561498016,1549,新北市,False
土城區,2017.0,316713.499209096,1719,新北市,False
土城區,2018.0,317229.7363616733,2781,新北市,False
土城區,2019.0,314622.26612122834,3486,新北市,False
土城區,2020.0,328080.62581379374,4165,新北市,False
土城區,2021.0,347527.5026637225,3210,新北市,False
土城區,2022.0,390312.0848401336,2213,新北市,False
土城區,2023.0,431962.41371543787,2514,新北市,False
土城區,2024.0,459071.2494748427,2172,新北市,False
土城區,2025.0,474868.3998931879,834,新北市,False
坪林區,2020.0,300574.56308979983,2,新北市,False
坪林區,2021.0,765775.8551997968,4,新北市,False
坪林區,2022.0,197642.46907002776,1,新北市,False
坪林區,2023.0,194259.21781103645,3,新北市,False
坪林區,2025.0,148703.1370642569,1,新北市,False
平溪區,2019.0,224883.34176645864,1,新北市,False
平溪區,2020.0,668215.2673336082,2,新北市,False
平溪區,2022.0,354517.5065248287,2,新北市,False
平溪區,2023.0,295739.43798649724,2,新北市,False
平溪區,2024.0,236551.3104428806,2,新北市,False
新店區,2015.0,370178.2133665468,948,新北市,False
新店區,2016.0,371114.3258234934,2998,新北市,False
新店區,2017.0,361699.6729122642,3315,新北市,False
新店區,2018.0,379495.7573078408,3756,新北市,False
新店區,2019.0,385525.653519528,4259,新北市,False
新店區,2020.0,409637.7717342869,4888,新北市,False
新店區,2021.0,420171.98350876896,4352,新北市,False
新店區,2022.0,422422.969412342,3042,新北市,False
新店區,2023.0,429809.01617654384,2888,新北市,False
新店區,2024.0,460040.5194678054,2786,新北市,False
新店區,2025.0,464431.4003949009,1361,新北市,False
新莊區,2015.0,381138.53490798257,1342,新北市,False
新莊區,2016.0,342077.47565506,3193,新北市,False
新莊區,2017.0,339288.4811353603,4161,新北市,False
新莊區,2018.0,314262.3406990358,3954,新北市,False
新莊區,2019.0,317822.6571047859,5383,新北市,False
新莊區,2020.0,333863.86925240775,6968,新北市,False
新莊區,2021.0,360721.2847539458,5557,新北市,False
新莊區,2022.0,398318.8630075423,3832,新北市,False
新莊區,2023.0,411289.2552871866,3870,新北市,False
新莊區,2024.0,450551.0010964301,3498,新北市,False
新莊區,2025.0,450834.52474726236,1682,新北市,False
板橋區,2015.0,416053.3803592236,1238,新北市,False
板橋區,2016.0,413050.4063101979,3366,新北市,False
板橋區,2017.0,350120.0993364003,5203,新北市,False
板橋區,2018.0,359935.773960334,5015,新北市,False
板橋區,2019.0,383006.61775400594,6000,新北市,False
板橋區,2020.0,399225.4376146166,6162,新北市,False
板橋區,2021.0,418312.34121194825,5643,新北市,False
板橋區,2022.0,465102.296838343,3732,新北市,False
板橋區,2023.0,495963.60973375675,4306,新北市,False
板橋區,2024.0,536232.3221760049,4052,新北市,False
板橋區,2025.0,531932.8133394565,1939,新北市,False
林口區,2015.0,286867.7092459638,923,新北市,False
林口區,2016.0,285848.01052925864,2247,新北市,False
林口區,2017.0,278675.24754199723,2545,新北市,False
林口區,2018.0,248118.7966798701,2513,新北市,False
林口區,2019.0,253718.582918976,3229,新北市,False
林口區,2020.0,268121.8850545707,4651,新北市,False
林口區,2021.0,293322.9871732546,4219,新北市,False
林口區,2022.0,329116.9164809065,2370,新北市,False
林口區,2023.0,356968.6983072672,2091,新北市,False
林口區,2024.0,398545.36888794246,1689,新北市,False
林口區,2025.0,404859.74910633,678,新北市,False
樹林區,2015.0,275241.80320080003,285,新北市,False
樹林區,2016.0,269534.6162168729,1185,新北市,False
樹林區,2017.0,261984.6448962933,1142,新北市,False
樹林區,2018.0,245186.83137685255,1255,新北市,False
樹林區,2019.0,247339.94840996672,1786,新北市,False
樹林區,2020.0,264570.64997561206,1580,新北市,False
樹林區,2021.0,287662.93088015844,1426,新北市,False
樹林區,2022.0,314174.2971849024,1141,新北市,False
樹林區,2023.0,331316.60452079563,1050,新北市,False
樹林區,2024.0,354406.4855973838,1004,新北市,False
樹林區,2025.0,359579.6410931393,513,新北市,False
永和區,2015.0,445196.8485640013,366,新北市,False
永和區,2016.0,454173.1814459087,1375,新北市,False
永和區,2017.0,446870.6349501412,1436,新北市,False
永和區,2018.0,434091.87401180883,1514,新北市,False
永和區,2019.0,461820.5778747365,2067,新北市,False
永和區,2020.0,461090.5964871149,2009,新北市,False
永和區,2021.0,479359.56457021687,1725,新北市,False
永和區,2022.0,514205.7070638234,1297,新北市,False
永和區,2023.0,518085.0171572191,1390,新北市,False
永和區,2024.0,577856.7515338208,1395,新北市,False
永和區,2025.0,570454.2210014354,674,新北市,False
汐止區,2015.0,312512.4231970352,827,新北市,False
汐止區,2016.0,291687.3043171732,2256,新北市,False
汐止區,2017.0,286511.75827127526,2711,新北市,False
汐止區,2018.0,279058.5804525066,3482,新北市,False
汐止區,2019.0,287412.6122531018,3638,新北市,False
汐止區,2020.0,287248.91676010913,3873,新北市,False
汐止區,2021.0,301150.3149530377,3921,新北市,False
汐止區,2022.0,328493.29081144556,3090,新北市,False
汐止區,2023.0,349419.6735971864,2670,新北市,False
汐止區,2024.0,383763.3416030359,2425,新北市,False
汐止區,2025.0,398766.99743936834,1142,新北市,False
泰山區,2015.0,288478.0530253812,128,新北市,False
泰山區,2016.0,285157.0655301121,469,新北市,False
泰山區,2017.0,279523.87768171605,620,新北市,False
泰山區,2018.0,261694.6619377472,595,新北市,False
泰山區,2019.0,255228.1910293004,700,新北市,False
泰山區,2020.0,271580.81372078,1121,新北市,False
泰山區,2021.0,299865.6602529025,1130,新北市,False
泰山區,2022.0,357751.0722213152,896,新北市,False
泰山區,2023.0,375014.15147741424,869,新北市,False
泰山區,2024.0,383634.2261247219,594,新北市,False
泰山區,2025.0,387698.0393899407,268,新北市,False
淡水區,2015.0,221711.95183217965,1473,新北市,False
淡水區,2016.0,219832.72531968832,4472,新北市,False
淡水區,2017.0,212233.40383284123,3919,新北市,False
淡水區,2018.0,191099.23810942436,4618,新北市,False
淡水區,2019.0,196447.28809492136,4163,新北市,False
淡水區,2020.0,200443.2683973584,5497,新北市,False
淡水區,2021.0,211662.6097999788,6065,新北市,False
淡水區,2022.0,235358.29042080007,5292,新北市,False
淡水區,2023.0,241934.7218291749,5270,新北市,False
淡水區,2024.0,259684.36176939038,5220,新北市,False
淡水區,2025.0,279004.50898026396,2204,新北市,False
深坑區,2015.0,271813.65741347295,39,新北市,False
深坑區,2016.0,263336.2141027107,170,新北市,False
深坑區,2017.0,261234.69546623685,165,新北市,False
深坑區,2018.0,243896.9689493928,145,新北市,False
深坑區,2019.0,284983.5444579307,228,新北市,False
深坑區,2020.0,266140.3002949722,249,新北市,False
深坑區,2021.0,278025.0052977326,247,新北市,False
深坑區,2022.0,291488.3857219784,203,新北市,False
深坑區,2023.0,290208.7959138449,164,新北市,False
深坑區,2024.0,332262.2654529577,188,新北市,False
深坑區,2025.0,344929.8088617871,97,新北市,False
烏來區,2016.0,115716.61093475795,2,新北市,False
烏來區,2017.0,241133.17521527733,1,新北市,False
烏來區,2018.0,350337.55022964627,1,新北市,False
烏來區,2020.0,143938.39436721083,1,新北市,False
烏來區,2023.0,241133.17521527733,1,新北市,False
烏來區,2024.0,260763.51311597825,2,新北市,False
烏來區,2025.0,211360.51809041412,2,新北市,False
瑞芳區,2015.0,73291.93932064746,27,新北市,False
瑞芳區,2016.0,82475.46468525521,140,新北市,False
瑞芳區,2017.0,126854.55235365267,199,新北市,False
瑞芳區,2018.0,91880.53616121206,135,新北市,False
瑞芳區,2019.0,90489.61785007404,177,新北市,False
瑞芳區,2020.0,92028.71223431836,126,新北市,False
瑞芳區,2021.0,96126.34847243218,157,新北市,False
瑞芳區,2022.0,99775.1391166232,143,新北市,False
瑞芳區,2023.0,119555.49569373213,151,新北市,False
瑞芳區,2024.0,121504.48940490322,152,新北市,False
瑞芳區,2025.0,130984.4331550417,89,新北市,False
石碇區,2015.0,147206.0083142531,1,新北市,False
石碇區,2016.0,132549.52381583568,3,新北市,False
石碇區,2017.0,131637.6790475211,4,新北市,False
石碇區,2018.0,132888.85508382926,5,新北市,False
石碇區,2019.0,186389.3250815543,2,新北市,False
石碇區,2020.0,201511.43795491743,18,新北市,False
石碇區,2021.0,151365.6897842775,6,新北市,False
石碇區,2022.0,141393.71787711472,1,新北市,False
石碇區,2023.0,181133.68714780224,1,新北市,False
石碇區,2024.0,189649.3938576485,3,新北市,False
石碇區,2025.0,177907.71831015486,2,新北市,False
石門區,2015.0,62355.3246151757,2,新北市,False
石門區,2016.0,72736.7088408521,5,新北市,False
石門區,2017.0,64914.77906660662,7,新北市,False
石門區,2018.0,65904.01104878177,8,新北市,False
石門區,2019.0,71611.91711815742,3,新北市,False
石門區,2020.0,81664.65227191063,7,新北市,False
石門區,2021.0,85780.53962990618,6,新北市,False
石門區,2022.0,66972.32329345442,12,新北市,False
石門區,2023.0,93383.76056403792,19,新北市,False
石門區,2024.0,79055.50803441128,11,新北市,False
石門區,2025.0,103160.3390171428,8,新北市,False
萬里區,2015.0,80924.97243493126,33,新北市,False
萬里區,2016.0,82454.17010358145,100,新北市,False
萬里區,2017.0,83099.07617198913,103,新北市,False
萬里區,2018.0,107680.29719762028,103,新北市,False
萬里區,2019.0,86303.13036463074,103,新北市,False
萬里區,2020.0,73351.11167080824,136,新北市,False
萬里區,2021.0,86177.9229397013,147,新北市,False
萬里區,2022.0,96346.04563623172,144,新北市,False
萬里區,2023.0,131492.74141939147,304,新北市,False
萬里區,2024.0,136097.23642951815,166,新北市,False
萬里區,2025.0,100369.88754720544,130,新北市,False
蘆洲區,2015.0,353473.98652380425,379,新北市,False
蘆洲區,2016.0,376727.64945492224,1147,新北市,False
蘆洲區,2017.0,354106.18447952636,1306,新北市,False
蘆洲區,2018.0,327376.0925087156,1440,新北市,False
蘆洲區,2019.0,333219.7596993204,1647,新北市,False
蘆洲區,2020.0,344227.89682741615,1749,新北市,False
蘆洲區,2021.0,374487.0551553927,1606,新北市,False
蘆洲區,2022.0,390995.22061727755,1346,新北市,False
蘆洲區,2023.0,424482.7246323008,1287,新北市,False
蘆洲區,2024.0,455213.8881107684,1142,新北市,False
蘆洲區,2025.0,464138.7063146894,580,新北市,False
貢寮區,2015.0,57250.87190471399,6,新北市,False
貢寮區,2016.0,66025.45518690822,12,新北市,False
貢寮區,2017.0,65355.939680552416,13,新北市,False
貢寮區,2018.0,56747.804441657296,14,新北市,False
貢寮區,2019.0,55833.10554201733,9,新北市,False
貢寮區,2020.0,65355.939680552416,17,新北市,False
貢寮區,2021.0,73664.87931114498,17,新北市,False
貢寮區,2022.0,64416.66202014459,12,新北市,False
貢寮區,2023.0,74266.44479566284,11,新北市,False
貢寮區,2024.0,101218.16056236812,17,新北市,False
貢寮區,2025.0,106318.13220305344,11,新北市,False
金山區,2015.0,114217.64989026946,21,新北市,False
金山區,2016.0,118181.5806050561,82,新北市,False
金山區,2017.0,144964.88365758135,114,新北市,False
金山區,2018.0,120255.8012686987,115,新北市,False
金山區,2019.0,122264.37467701292,93,新北市,False
金山區,2020.0,149730.70069648774,169,新北市,False
金山區,2021.0,146015.2439914727,161,新北市,False
金山區,2022.0,167604.01139779456,158,新北市,False
金山區,2023.0,154047.92139392553,121,新北市,False
金山區,2024.0,151795.03606327344,109,新北市,False
金山區,2025.0,149008.6783758054,67,新北市,False
雙溪區,2016.0,68056.39049135242,10,新北市,False
雙溪區,2017.0,85977.73765483355,7,新北市,False
雙溪區,2018.0,49132.755836595315,8,新北市,False
雙溪區,2019.0,107780.07081499549,14,新北市,False
雙溪區,2020.0,82276.03147815143,11,新北市,False
雙溪區,2021.0,135914.60062597226,9,新北市,False
雙溪區,2022.0,148488.93694713266,5,新北市,False
雙溪區,2023.0,94802.65247842408,11,新北市,False
雙溪區,2024.0,93604.47571205042,6,新北市,False
雙溪區,2025.0,93060.21353739768,5,新北市,False
鶯歌區,2015.0,199039.4184587426,163,新北市,False
鶯歌區,2016.0,196016.59682616184,604,新北市,False
鶯歌區,2017.0,176807.7618607457,1095,新北市,False
鶯歌區,2018.0,168699.92866926928,1493,新北市,False
鶯歌區,2019.0,171278.47024724894,1632,新北市,False
鶯歌區,2020.0,180474.1941666805,1528,新北市,False
鶯歌區,2021.0,204588.91723039132,1970,新北市,False
鶯歌區,2022.0,246056.73503753915,738,新北市,False
鶯歌區,2023.0,283076.39853158063,910,新北市,False
鶯歌區,2024.0,300919.6857896948,695,新北市,False
鶯歌區,2025.0,295664.8921530852,289,新北市,False
